<?xml version="1.0" encoding="utf-8" standalone="yes"?>
<rss version="2.0" xmlns:atom="http://www.w3.org/2005/Atom">
  <channel>
    <title>Tags on Claudio Bertani</title>
    <link>http://www.claudiobertani.com/tags/</link>
    <description>Recent content in Tags on Claudio Bertani</description>
    <generator>Hugo -- gohugo.io</generator>
    <language>en</language>
    <lastBuildDate>Sun, 15 May 2022 00:00:00 +0000</lastBuildDate><atom:link href="http://www.claudiobertani.com/tags/index.xml" rel="self" type="application/rss+xml" />
    <item>
      <title>css</title>
      <link>http://www.claudiobertani.com/tags/css/</link>
      <pubDate>Sun, 15 May 2022 00:00:00 +0000</pubDate>
      
      <guid>http://www.claudiobertani.com/tags/css/</guid>
      <description></description>
    </item>
    
    <item>
      <title>html</title>
      <link>http://www.claudiobertani.com/tags/html/</link>
      <pubDate>Sun, 15 May 2022 00:00:00 +0000</pubDate>
      
      <guid>http://www.claudiobertani.com/tags/html/</guid>
      <description></description>
    </item>
    
    <item>
      <title>markdown</title>
      <link>http://www.claudiobertani.com/tags/markdown/</link>
      <pubDate>Sun, 15 May 2022 00:00:00 +0000</pubDate>
      
      <guid>http://www.claudiobertani.com/tags/markdown/</guid>
      <description></description>
    </item>
    
    <item>
      <title>privacy</title>
      <link>http://www.claudiobertani.com/tags/privacy/</link>
      <pubDate>Sun, 10 Mar 2019 00:00:00 +0000</pubDate>
      
      <guid>http://www.claudiobertani.com/tags/privacy/</guid>
      <description></description>
    </item>
    
    <item>
      <title>shortcodes</title>
      <link>http://www.claudiobertani.com/tags/shortcodes/</link>
      <pubDate>Sun, 10 Mar 2019 00:00:00 +0000</pubDate>
      
      <guid>http://www.claudiobertani.com/tags/shortcodes/</guid>
      <description></description>
    </item>
    
    <item>
      <title>text</title>
      <link>http://www.claudiobertani.com/tags/text/</link>
      <pubDate>Sat, 09 Mar 2019 00:00:00 +0000</pubDate>
      
      <guid>http://www.claudiobertani.com/tags/text/</guid>
      <description></description>
    </item>
    
    <item>
      <title>emoji</title>
      <link>http://www.claudiobertani.com/tags/emoji/</link>
      <pubDate>Tue, 05 Mar 2019 00:00:00 +0000</pubDate>
      
      <guid>http://www.claudiobertani.com/tags/emoji/</guid>
      <description></description>
    </item>
    
    <item>
      <title>development</title>
      <link>http://www.claudiobertani.com/tags/development/</link>
      <pubDate>Mon, 04 Mar 2019 00:00:00 +0000</pubDate>
      
      <guid>http://www.claudiobertani.com/tags/development/</guid>
      <description></description>
    </item>
    
    <item>
      <title>hugo</title>
      <link>http://www.claudiobertani.com/tags/hugo/</link>
      <pubDate>Mon, 04 Mar 2019 00:00:00 +0000</pubDate>
      
      <guid>http://www.claudiobertani.com/tags/hugo/</guid>
      <description></description>
    </item>
    
    <item>
      <title>themes</title>
      <link>http://www.claudiobertani.com/tags/themes/</link>
      <pubDate>Mon, 04 Mar 2019 00:00:00 +0000</pubDate>
      
      <guid>http://www.claudiobertani.com/tags/themes/</guid>
      <description></description>
    </item>
    
  </channel>
</rss>
