<?xml version="1.0" encoding="utf-8" standalone="yes"?>
<rss version="2.0" xmlns:atom="http://www.w3.org/2005/Atom">
  <channel>
    <title>Claudio Bertani</title>
    <link>http://www.claudiobertani.com/it/</link>
    <description>Recent content on Claudio Bertani</description>
    <generator>Hugo -- gohugo.io</generator>
    <language>en</language>
    <lastBuildDate>Tue, 05 Mar 2019 00:00:00 +0000</lastBuildDate><atom:link href="http://www.claudiobertani.com/it/index.xml" rel="self" type="application/rss+xml" />
    <item>
      <title>Suporte a Emojis</title>
      <link>http://www.claudiobertani.com/it/posts/emoji-support/</link>
      <pubDate>Tue, 05 Mar 2019 00:00:00 +0000</pubDate>
      
      <guid>http://www.claudiobertani.com/it/posts/emoji-support/</guid>
      <description>&lt;p&gt;Emojis podem ser ativados em um projeto Hugo de diversar formas.&lt;/p&gt;</description>
    </item>
    
    <item>
      <title>Chi sono</title>
      <link>http://www.claudiobertani.com/it/about/</link>
      <pubDate>Thu, 28 Feb 2019 00:00:00 +0000</pubDate>
      
      <guid>http://www.claudiobertani.com/it/about/</guid>
      <description>Un giovane entusiasta e motivato, e siccome scrivere è una delle mie passioni, ho deciso di farlo qui&amp;hellip; Fammi sapere se trovi qualcosa che ti piace!
Esperienze lavorative Link to heading FullStack Dev @ BizCoDe Dic 2017 / Ago 2022
Analisi, progettazione e sviluppo ecommerce su misura layout ricerche e presentazione dati user-friendly gestione clienti e appuntamenti per agenti commerciali importazione e gestione utenti per gli amministratori agenda sincronizzata con Calendar e Office365 integrazione dati 4.</description>
    </item>
    
    <item>
      <title>Contattami</title>
      <link>http://www.claudiobertani.com/it/contact/</link>
      <pubDate>Mon, 01 Jan 0001 00:00:00 +0000</pubDate>
      
      <guid>http://www.claudiobertani.com/it/contact/</guid>
      <description>TODO</description>
    </item>
    
    <item>
      <title>Progetti</title>
      <link>http://www.claudiobertani.com/it/projects/</link>
      <pubDate>Mon, 01 Jan 0001 00:00:00 +0000</pubDate>
      
      <guid>http://www.claudiobertani.com/it/projects/</guid>
      <description>Non c&amp;rsquo;è niente da vedere&amp;hellip; Circolare</description>
    </item>
    
  </channel>
</rss>
