<?xml version="1.0" encoding="utf-8" standalone="yes"?>
<rss version="2.0" xmlns:atom="http://www.w3.org/2005/Atom">
  <channel>
    <title>Posts on Claudio Bertani</title>
    <link>http://www.claudiobertani.com/it/posts/</link>
    <description>Recent content in Posts on Claudio Bertani</description>
    <generator>Hugo -- gohugo.io</generator>
    <language>en</language>
    <lastBuildDate>Tue, 05 Mar 2019 00:00:00 +0000</lastBuildDate><atom:link href="http://www.claudiobertani.com/it/posts/index.xml" rel="self" type="application/rss+xml" />
    <item>
      <title>Suporte a Emojis</title>
      <link>http://www.claudiobertani.com/it/posts/emoji-support/</link>
      <pubDate>Tue, 05 Mar 2019 00:00:00 +0000</pubDate>
      
      <guid>http://www.claudiobertani.com/it/posts/emoji-support/</guid>
      <description>&lt;p&gt;Emojis podem ser ativados em um projeto Hugo de diversar formas.&lt;/p&gt;</description>
    </item>
    
  </channel>
</rss>
