<?xml version="1.0" encoding="utf-8" standalone="yes"?>
<rss version="2.0" xmlns:atom="http://www.w3.org/2005/Atom">
  <channel>
    <title>sintaxe on Claudio Bertani</title>
    <link>http://www.claudiobertani.com/categories/sintaxe/</link>
    <description>Recent content in sintaxe on Claudio Bertani</description>
    <generator>Hugo -- gohugo.io</generator>
    <language>en</language>
    <lastBuildDate>Mon, 11 Mar 2019 00:00:00 +0000</lastBuildDate><atom:link href="http://www.claudiobertani.com/categories/sintaxe/index.xml" rel="self" type="application/rss+xml" />
    <item>
      <title>Guia de Sintaxe Markdown</title>
      <link>http://www.claudiobertani.com/posts/markdown-syntax.pt-br/</link>
      <pubDate>Mon, 11 Mar 2019 00:00:00 +0000</pubDate>
      
      <guid>http://www.claudiobertani.com/posts/markdown-syntax.pt-br/</guid>
      <description>&lt;p&gt;Esse artigo é um exemplo básico para mostrar a sintaxe Markdown que é usada nos arquivos de conteúdo do Hugo. Ele também mostrar como cada elemento básico HTML é estilizado com CSS com os temas do Hugo.&lt;/p&gt;</description>
    </item>
    
  </channel>
</rss>
