<?xml version="1.0" encoding="utf-8" standalone="yes"?>
<rss version="2.0" xmlns:atom="http://www.w3.org/2005/Atom">
  <channel>
    <title>Categories on Claudio Bertani</title>
    <link>http://www.claudiobertani.com/categories/</link>
    <description>Recent content in Categories on Claudio Bertani</description>
    <generator>Hugo -- gohugo.io</generator>
    <language>en</language>
    <lastBuildDate>Sun, 15 May 2022 00:00:00 +0000</lastBuildDate><atom:link href="http://www.claudiobertani.com/categories/index.xml" rel="self" type="application/rss+xml" />
    <item>
      <title>syntax</title>
      <link>http://www.claudiobertani.com/categories/syntax/</link>
      <pubDate>Sun, 15 May 2022 00:00:00 +0000</pubDate>
      
      <guid>http://www.claudiobertani.com/categories/syntax/</guid>
      <description></description>
    </item>
    
    <item>
      <title>themes</title>
      <link>http://www.claudiobertani.com/categories/themes/</link>
      <pubDate>Sun, 15 May 2022 00:00:00 +0000</pubDate>
      
      <guid>http://www.claudiobertani.com/categories/themes/</guid>
      <description></description>
    </item>
    
    <item>
      <title>sintaxe</title>
      <link>http://www.claudiobertani.com/categories/sintaxe/</link>
      <pubDate>Mon, 11 Mar 2019 00:00:00 +0000</pubDate>
      
      <guid>http://www.claudiobertani.com/categories/sintaxe/</guid>
      <description></description>
    </item>
    
    <item>
      <title>temas</title>
      <link>http://www.claudiobertani.com/categories/temas/</link>
      <pubDate>Mon, 11 Mar 2019 00:00:00 +0000</pubDate>
      
      <guid>http://www.claudiobertani.com/categories/temas/</guid>
      <description></description>
    </item>
    
    <item>
      <title>Development</title>
      <link>http://www.claudiobertani.com/categories/development/</link>
      <pubDate>Mon, 04 Mar 2019 00:00:00 +0000</pubDate>
      
      <guid>http://www.claudiobertani.com/categories/development/</guid>
      <description></description>
    </item>
    
  </channel>
</rss>
