<?xml version="1.0" encoding="utf-8" standalone="yes"?>
<rss version="2.0" xmlns:atom="http://www.w3.org/2005/Atom">
  <channel>
    <title>Tags on Claudio Bertani</title>
    <link>http://www.claudiobertani.com/it/tags/</link>
    <description>Recent content in Tags on Claudio Bertani</description>
    <generator>Hugo -- gohugo.io</generator>
    <language>en</language>
    <lastBuildDate>Tue, 05 Mar 2019 00:00:00 +0000</lastBuildDate><atom:link href="http://www.claudiobertani.com/it/tags/index.xml" rel="self" type="application/rss+xml" />
    <item>
      <title>emoji</title>
      <link>http://www.claudiobertani.com/it/tags/emoji/</link>
      <pubDate>Tue, 05 Mar 2019 00:00:00 +0000</pubDate>
      
      <guid>http://www.claudiobertani.com/it/tags/emoji/</guid>
      <description></description>
    </item>
    
  </channel>
</rss>
