<?xml version="1.0" encoding="utf-8" standalone="yes"?>
<rss version="2.0" xmlns:atom="http://www.w3.org/2005/Atom">
  <channel>
    <title>Categories on Claudio Bertani</title>
    <link>http://www.claudiobertani.com/it/categories/</link>
    <description>Recent content in Categories on Claudio Bertani</description>
    <generator>Hugo -- gohugo.io</generator>
    <language>en</language><atom:link href="http://www.claudiobertani.com/it/categories/index.xml" rel="self" type="application/rss+xml" />
  </channel>
</rss>
