<?xml version="1.0" encoding="utf-8" standalone="yes"?>
<rss version="2.0" xmlns:atom="http://www.w3.org/2005/Atom">
  <channel>
    <title>hugo on Claudio Bertani</title>
    <link>http://www.claudiobertani.com/tags/hugo/</link>
    <description>Recent content in hugo on Claudio Bertani</description>
    <generator>Hugo -- gohugo.io</generator>
    <language>en</language>
    <lastBuildDate>Mon, 04 Mar 2019 00:00:00 +0000</lastBuildDate><atom:link href="http://www.claudiobertani.com/tags/hugo/index.xml" rel="self" type="application/rss+xml" />
    <item>
      <title>External Page: Hugo Coder Wiki</title>
      <link>http://www.claudiobertani.com/posts/hugo-coder-wiki/</link>
      <pubDate>Mon, 04 Mar 2019 00:00:00 +0000</pubDate>
      
      <guid>http://www.claudiobertani.com/posts/hugo-coder-wiki/</guid>
      <description></description>
    </item>
    
    <item>
      <title>Página Externa: Wiki Hugo Coder</title>
      <link>http://www.claudiobertani.com/posts/hugo-coder-wiki/</link>
      <pubDate>Mon, 04 Mar 2019 00:00:00 +0000</pubDate>
      
      <guid>http://www.claudiobertani.com/posts/hugo-coder-wiki/</guid>
      <description></description>
    </item>
    
  </channel>
</rss>
