<?xml version="1.0" encoding="utf-8" standalone="yes"?>
<rss version="2.0" xmlns:atom="http://www.w3.org/2005/Atom">
  <channel>
    <title>text on Claudio Bertani</title>
    <link>http://www.claudiobertani.com/tags/text/</link>
    <description>Recent content in text on Claudio Bertani</description>
    <generator>Hugo -- gohugo.io</generator>
    <language>en</language>
    <lastBuildDate>Sat, 09 Mar 2019 00:00:00 +0000</lastBuildDate><atom:link href="http://www.claudiobertani.com/tags/text/index.xml" rel="self" type="application/rss+xml" />
    <item>
      <title>Placeholder Text</title>
      <link>http://www.claudiobertani.com/posts/placeholder-text/</link>
      <pubDate>Sat, 09 Mar 2019 00:00:00 +0000</pubDate>
      
      <guid>http://www.claudiobertani.com/posts/placeholder-text/</guid>
      <description>&lt;p&gt;Lorem est tota propiore conpellat pectoribus de pectora summo.&lt;/p&gt;</description>
    </item>
    
    <item>
      <title>Texto de Exemplo</title>
      <link>http://www.claudiobertani.com/posts/placeholder-text.pt-br/</link>
      <pubDate>Sat, 09 Mar 2019 00:00:00 +0000</pubDate>
      
      <guid>http://www.claudiobertani.com/posts/placeholder-text.pt-br/</guid>
      <description>&lt;p&gt;Lorem est tota propiore conpellat pectoribus de pectora summo.&lt;/p&gt;</description>
    </item>
    
  </channel>
</rss>
