<?xml version="1.0" encoding="utf-8" standalone="yes"?>
<rss version="2.0" xmlns:atom="http://www.w3.org/2005/Atom">
  <channel>
    <title>shortcodes on Claudio Bertani</title>
    <link>http://www.claudiobertani.com/tags/shortcodes/</link>
    <description>Recent content in shortcodes on Claudio Bertani</description>
    <generator>Hugo -- gohugo.io</generator>
    <language>en</language>
    <lastBuildDate>Sun, 10 Mar 2019 00:00:00 +0000</lastBuildDate><atom:link href="http://www.claudiobertani.com/tags/shortcodes/index.xml" rel="self" type="application/rss+xml" />
    <item>
      <title>Conteúdo Rico</title>
      <link>http://www.claudiobertani.com/posts/rich-content.pt-br/</link>
      <pubDate>Sun, 10 Mar 2019 00:00:00 +0000</pubDate>
      
      <guid>http://www.claudiobertani.com/posts/rich-content.pt-br/</guid>
      <description>&lt;p&gt;O Hugo vem com vários &lt;a href=&#34;https://gohugo.io/content-management/shortcodes/#use-hugos-built-in-shortcodes&#34;&gt;Shortcodes Internos&lt;/a&gt; para conteúdo rico, assim como uma &lt;a href=&#34;https://gohugo.io/about/hugo-and-gdpr/&#34;&gt;Configuração de Privacidade&lt;/a&gt; e uma gama de Shortcodes simples que permitem embutir versões estáticas e sem JS de várias de redes sociais.&lt;/p&gt;</description>
    </item>
    
    <item>
      <title>Rich Content</title>
      <link>http://www.claudiobertani.com/posts/rich-content/</link>
      <pubDate>Sun, 10 Mar 2019 00:00:00 +0000</pubDate>
      
      <guid>http://www.claudiobertani.com/posts/rich-content/</guid>
      <description>&lt;p&gt;Hugo ships with several &lt;a href=&#34;https://gohugo.io/content-management/shortcodes/#use-hugos-built-in-shortcodes&#34;&gt;Built-in Shortcodes&lt;/a&gt; for rich content, along with a &lt;a href=&#34;https://gohugo.io/about/hugo-and-gdpr/&#34;&gt;Privacy Config&lt;/a&gt; and a set of Simple Shortcodes that enable static and no-JS versions of various social media embeds.&lt;/p&gt;</description>
    </item>
    
    <item>
      <title>Mais Conteúdo Rico</title>
      <link>http://www.claudiobertani.com/posts/more-rich-content.pt-br/</link>
      <pubDate>Sat, 09 Mar 2019 00:00:00 +0000</pubDate>
      
      <guid>http://www.claudiobertani.com/posts/more-rich-content.pt-br/</guid>
      <description>&lt;p&gt;O Hugo Coder proporciona alguns Shortcodes Customizados.&lt;/p&gt;</description>
    </item>
    
    <item>
      <title>More Rich Content</title>
      <link>http://www.claudiobertani.com/posts/more-rich-content/</link>
      <pubDate>Sat, 09 Mar 2019 00:00:00 +0000</pubDate>
      
      <guid>http://www.claudiobertani.com/posts/more-rich-content/</guid>
      <description>&lt;p&gt;Hugo Coder provides some Custom Shortcodes.&lt;/p&gt;</description>
    </item>
    
  </channel>
</rss>
