<?xml version="1.0" encoding="utf-8" standalone="yes"?>
<rss version="2.0" xmlns:atom="http://www.w3.org/2005/Atom">
  <channel>
    <title>Series on Claudio Bertani</title>
    <link>http://www.claudiobertani.com/series/</link>
    <description>Recent content in Series on Claudio Bertani</description>
    <generator>Hugo -- gohugo.io</generator>
    <language>en</language>
    <lastBuildDate>Mon, 25 Jul 2022 00:00:00 +0000</lastBuildDate><atom:link href="http://www.claudiobertani.com/series/index.xml" rel="self" type="application/rss+xml" />
    <item>
      <title>Hugo</title>
      <link>http://www.claudiobertani.com/series/hugo/</link>
      <pubDate>Mon, 25 Jul 2022 00:00:00 +0000</pubDate>
      
      <guid>http://www.claudiobertani.com/series/hugo/</guid>
      <description></description>
    </item>
    
    <item>
      <title>Theme</title>
      <link>http://www.claudiobertani.com/series/theme/</link>
      <pubDate>Mon, 25 Jul 2022 00:00:00 +0000</pubDate>
      
      <guid>http://www.claudiobertani.com/series/theme/</guid>
      <description></description>
    </item>
    
    <item>
      <title>Themes Guide</title>
      <link>http://www.claudiobertani.com/series/themes-guide/</link>
      <pubDate>Sun, 15 May 2022 00:00:00 +0000</pubDate>
      
      <guid>http://www.claudiobertani.com/series/themes-guide/</guid>
      <description></description>
    </item>
    
    <item>
      <title>Guia do Thema</title>
      <link>http://www.claudiobertani.com/series/guia-do-thema/</link>
      <pubDate>Mon, 11 Mar 2019 00:00:00 +0000</pubDate>
      
      <guid>http://www.claudiobertani.com/series/guia-do-thema/</guid>
      <description></description>
    </item>
    
  </channel>
</rss>
